{
  "IcoMoonType": "selection",
  "icons": [
    {
      "icon": {
        "paths": [
          "M404.351 998.829c44.631 0 78.372-17.139 101.222-51.414l494.326-744.971c8.212-12.14 14.282-24.1 18.21-35.883 3.927-12.14 5.891-23.743 5.891-34.812 0-30.705-10.711-56.055-32.134-76.050-21.066-20.351-47.13-30.527-78.193-30.527-21.422 0-39.632 4.285-54.627 12.854-14.639 8.212-28.563 22.494-41.774 42.845l-415.063 651.783-207.798-249.038c-22.494-26.065-50.7-39.096-84.619-39.096-31.777 0-58.020 10.175-78.728 30.526-20.708 20.352-31.063 45.88-31.063 76.586 0 13.925 2.142 27.136 6.427 39.632 4.642 12.14 13.032 24.815 25.172 38.025l275.816 325.088c25.35 29.635 57.662 44.452 96.937 44.452z"
        ],
        "attrs": [],
        "isMulticolor": false,
        "isMulticolor2": false,
        "grid": 0,
        "tags": [
          "check"
        ],
        "colorPermutations": {}
      },
      "attrs": [],
      "properties": {
        "order": 49,
        "id": 7,
        "name": "check",
        "prevSize": 32
      },
      "setIdx": 0,
      "setId": 1,
      "iconIdx": 0
    },
    {
      "icon": {
        "paths": [
          "M170.667 170.667h682.667c46.933 0 85.333 38.4 85.333 85.333v512c0 46.933-38.4 85.333-85.333 85.333h-682.667c-46.933 0-85.333-38.4-85.333-85.333v-512c0-46.933 38.4-85.333 85.333-85.333z",
          "M938.667 256l-426.667 298.667-426.667-298.667"
        ],
        "attrs": [
          {
            "fill": "none",
            "strokeLinejoin": "round",
            "strokeLinecap": "round",
            "strokeMiterlimit": "4",
            "strokeWidth": 85.33333333333333
          },
          {
            "fill": "none",
            "strokeLinejoin": "round",
            "strokeLinecap": "round",
            "strokeMiterlimit": "4",
            "strokeWidth": 85.33333333333333
          }
        ],
        "isMulticolor": false,
        "isMulticolor2": false,
        "grid": 0,
        "tags": [
          "mail"
        ],
        "colorPermutations": {
          "2522412241253146341": [
            {},
            {}
          ],
          "2531463412552552551": [
            {
              "s": 0
            },
            {
              "s": 0
            }
          ]
        }
      },
      "attrs": [
        {
          "fill": "none",
          "strokeLinejoin": "round",
          "strokeLinecap": "round",
          "strokeMiterlimit": "4",
          "strokeWidth": 85.33333333333333
        },
        {
          "fill": "none",
          "strokeLinejoin": "round",
          "strokeLinecap": "round",
          "strokeMiterlimit": "4",
          "strokeWidth": 85.33333333333333
        }
      ],
      "properties": {
        "order": 50,
        "id": 6,
        "name": "mail",
        "prevSize": 32
      },
      "setIdx": 0,
      "setId": 1,
      "iconIdx": 1
    },
    {
      "icon": {
        "paths": [
          "M938.671 721.92v128c0.047 11.883-2.389 23.646-7.147 34.53-4.762 10.889-11.742 20.663-20.501 28.698-8.755 8.030-19.093 14.148-30.349 17.954s-23.185 5.222-35.017 4.151c-131.294-14.268-257.408-59.132-368.213-130.987-103.092-65.506-190.494-152.909-256.002-256-72.108-111.309-116.982-238.038-130.987-369.92-1.066-11.799 0.336-23.69 4.117-34.918s9.859-21.544 17.846-30.293c7.987-8.75 17.708-15.74 28.545-20.527s22.551-7.264 34.398-7.276h128c20.706-0.204 40.78 7.129 56.48 20.631s25.955 32.252 28.852 52.756c5.403 40.963 15.422 81.183 29.867 119.893 5.74 15.271 6.983 31.868 3.58 47.824s-11.308 30.602-22.78 42.202l-54.186 54.187c60.738 106.816 149.181 195.26 256.002 256l54.187-54.187c11.597-11.473 26.244-19.379 42.202-22.78 15.953-3.405 32.55-2.159 47.825 3.58 38.707 14.443 78.929 24.465 119.893 29.867 20.723 2.923 39.654 13.363 53.184 29.333s20.719 36.356 20.203 57.28z"
        ],
        "attrs": [
          {
            "fill": "none",
            "strokeLinejoin": "round",
            "strokeLinecap": "round",
            "strokeMiterlimit": "4",
            "strokeWidth": 85.33333333333333
          }
        ],
        "isMulticolor": false,
        "isMulticolor2": false,
        "grid": 0,
        "tags": [
          "phone"
        ],
        "colorPermutations": {
          "2522412241253146341": [
            {}
          ],
          "2531463412552552551": [
            {
              "s": 0
            }
          ]
        }
      },
      "attrs": [
        {
          "fill": "none",
          "strokeLinejoin": "round",
          "strokeLinecap": "round",
          "strokeMiterlimit": "4",
          "strokeWidth": 85.33333333333333
        }
      ],
      "properties": {
        "order": 51,
        "id": 5,
        "name": "phone",
        "prevSize": 32
      },
      "setIdx": 0,
      "setId": 1,
      "iconIdx": 2
    },
    {
      "icon": {
        "paths": [
          "M853.333 896v-85.333c0-45.265-17.98-88.674-49.988-120.678-32.004-32.009-75.413-49.988-120.678-49.988h-341.333c-45.264 0-88.673 17.98-120.68 49.988-32.006 32.004-49.987 75.413-49.987 120.678v85.333",
          "M512 469.333c94.255 0 170.667-76.41 170.667-170.667s-76.412-170.667-170.667-170.667c-94.257 0-170.667 76.41-170.667 170.667s76.41 170.667 170.667 170.667z"
        ],
        "attrs": [
          {
            "fill": "none",
            "strokeLinejoin": "round",
            "strokeLinecap": "round",
            "strokeMiterlimit": "4",
            "strokeWidth": 85.33333333333333
          },
          {
            "fill": "none",
            "strokeLinejoin": "round",
            "strokeLinecap": "round",
            "strokeMiterlimit": "4",
            "strokeWidth": 85.33333333333333
          }
        ],
        "isMulticolor": false,
        "isMulticolor2": false,
        "grid": 0,
        "tags": [
          "user"
        ],
        "colorPermutations": {}
      },
      "attrs": [
        {
          "fill": "none",
          "strokeLinejoin": "round",
          "strokeLinecap": "round",
          "strokeMiterlimit": "4",
          "strokeWidth": 85.33333333333333
        },
        {
          "fill": "none",
          "strokeLinejoin": "round",
          "strokeLinecap": "round",
          "strokeMiterlimit": "4",
          "strokeWidth": 85.33333333333333
        }
      ],
      "properties": {
        "order": 52,
        "id": 4,
        "name": "user",
        "prevSize": 32
      },
      "setIdx": 0,
      "setId": 1,
      "iconIdx": 3
    },
    {
      "icon": {
        "paths": [
          "M768 256l-512 512",
          "M256 256l512 512"
        ],
        "attrs": [
          {
            "fill": "none",
            "strokeLinejoin": "round",
            "strokeLinecap": "round",
            "strokeMiterlimit": "4",
            "strokeWidth": 73.14285714285714
          },
          {
            "fill": "none",
            "strokeLinejoin": "round",
            "strokeLinecap": "round",
            "strokeMiterlimit": "4",
            "strokeWidth": 73.14285714285714
          }
        ],
        "isMulticolor": false,
        "isMulticolor2": false,
        "grid": 0,
        "tags": [
          "x-close"
        ],
        "colorPermutations": {
          "2522412241253146341": [
            {},
            {}
          ],
          "2531463412552552551": [
            {
              "s": 0
            },
            {
              "s": 0
            }
          ]
        }
      },
      "attrs": [
        {
          "fill": "none",
          "strokeLinejoin": "round",
          "strokeLinecap": "round",
          "strokeMiterlimit": "4",
          "strokeWidth": 73.14285714285714
        },
        {
          "fill": "none",
          "strokeLinejoin": "round",
          "strokeLinecap": "round",
          "strokeMiterlimit": "4",
          "strokeWidth": 73.14285714285714
        }
      ],
      "properties": {
        "order": 53,
        "id": 3,
        "name": "x-close",
        "prevSize": 32
      },
      "setIdx": 0,
      "setId": 1,
      "iconIdx": 4
    },
    {
      "icon": {
        "paths": [
          "M126.204 642.423l344.858-557.577 20.48-21.571 263.543 175.717 1.805 106.037 64.32 104.945-284.151 450.453-410.854-258.005z",
          "M692.305 764.147l-453.936-283.652M363.548 275.159l453.937 283.65M340.158 827.657l375.537-616.008M869.645 473.254c-97.271-60.783-135.479-108.286-72.887-210.954l-308.028-192.478-375.54 616.010 453.936 283.652 302.519-496.23z"
        ],
        "attrs": [
          {},
          {
            "fill": "none",
            "strokeLinejoin": "round",
            "strokeLinecap": "round",
            "strokeMiterlimit": "4",
            "strokeWidth": 85.33333333333333
          }
        ],
        "isMulticolor": false,
        "isMulticolor2": true,
        "grid": 0,
        "tags": [
          "chocolate"
        ],
        "colorPermutations": {
          "2522412241253146341": [
            {},
            {}
          ]
        }
      },
      "attrs": [
        {},
        {
          "fill": "none",
          "strokeLinejoin": "round",
          "strokeLinecap": "round",
          "strokeMiterlimit": "4",
          "strokeWidth": 85.33333333333333
        }
      ],
      "properties": {
        "order": 48,
        "id": 2,
        "name": "chocolate",
        "prevSize": 32
      },
      "setIdx": 0,
      "setId": 1,
      "iconIdx": 5
    },
    {
      "icon": {
        "paths": [
          "M725.333 85.333h-426.667c-117.821 0-213.333 95.513-213.333 213.333v426.667c0 117.82 95.513 213.333 213.333 213.333h426.667c117.82 0 213.333-95.514 213.333-213.333v-426.667c0-117.821-95.514-213.333-213.333-213.333z",
          "M682.667 485.124c5.265 35.507-0.798 71.774-17.331 103.637s-42.692 57.702-74.761 73.839c-32.064 16.141-68.399 21.76-103.842 16.055s-68.183-22.438-93.566-47.821c-25.383-25.382-42.117-58.125-47.82-93.564-5.703-35.443-0.085-71.778 16.054-103.846 16.139-32.064 41.978-58.223 73.841-74.756s68.13-22.598 103.637-17.333c36.22 5.371 69.756 22.249 95.646 48.141s42.769 59.424 48.141 95.648z",
          "M746.667 277.333h0.427"
        ],
        "attrs": [
          {
            "fill": "none",
            "strokeLinejoin": "round",
            "strokeLinecap": "round",
            "strokeMiterlimit": "4",
            "strokeWidth": 85.33333333333333
          },
          {
            "fill": "none",
            "strokeLinejoin": "round",
            "strokeLinecap": "round",
            "strokeMiterlimit": "4",
            "strokeWidth": 85.33333333333333
          },
          {
            "fill": "none",
            "strokeLinejoin": "round",
            "strokeLinecap": "round",
            "strokeMiterlimit": "4",
            "strokeWidth": 85.33333333333333
          }
        ],
        "isMulticolor": false,
        "isMulticolor2": false,
        "grid": 0,
        "tags": [
          "instagram"
        ],
        "colorPermutations": {
          "2522412241253146341": [
            {},
            {},
            {}
          ]
        }
      },
      "attrs": [
        {
          "fill": "none",
          "strokeLinejoin": "round",
          "strokeLinecap": "round",
          "strokeMiterlimit": "4",
          "strokeWidth": 85.33333333333333
        },
        {
          "fill": "none",
          "strokeLinejoin": "round",
          "strokeLinecap": "round",
          "strokeMiterlimit": "4",
          "strokeWidth": 85.33333333333333
        },
        {
          "fill": "none",
          "strokeLinejoin": "round",
          "strokeLinecap": "round",
          "strokeMiterlimit": "4",
          "strokeWidth": 85.33333333333333
        }
      ],
      "properties": {
        "order": 46,
        "id": 1,
        "name": "instagram",
        "prevSize": 32
      },
      "setIdx": 0,
      "setId": 1,
      "iconIdx": 6
    },
    {
      "icon": {
        "paths": [
          "M981.333 128.002c-40.858 28.82-86.097 50.863-133.973 65.28-25.698-29.546-59.849-50.488-97.835-59.993s-77.973-7.114-114.556 6.849c-36.582 13.963-67.998 38.825-89.988 71.222-21.995 32.398-33.506 70.768-32.981 109.922v42.667c-74.982 1.944-149.279-14.685-216.277-48.408s-145.949-114.021-189.056-175.402c0 0-149.333 414.528 234.667 585.195-87.871 59.648-192.548 89.557-298.667 85.333 384 213.333 853.333 0 853.333-490.665-0.038-11.885-1.182-23.74-3.413-35.413 43.546-42.944 74.274-97.164 88.747-156.587z"
        ],
        "attrs": [
          {
            "fill": "none",
            "strokeLinejoin": "round",
            "strokeLinecap": "round",
            "strokeMiterlimit": "4",
            "strokeWidth": 85.33333333333333
          }
        ],
        "isMulticolor": false,
        "isMulticolor2": false,
        "grid": 0,
        "tags": [
          "twitter"
        ],
        "colorPermutations": {
          "2522412241253146341": [
            {}
          ]
        }
      },
      "attrs": [
        {
          "fill": "none",
          "strokeLinejoin": "round",
          "strokeLinecap": "round",
          "strokeMiterlimit": "4",
          "strokeWidth": 85.33333333333333
        }
      ],
      "properties": {
        "order": 47,
        "id": 0,
        "name": "twitter",
        "prevSize": 32
      },
      "setIdx": 0,
      "setId": 1,
      "iconIdx": 7
    }
  ],
  "height": 1024,
  "preferences": {
    "showGlyphs": true,
    "showCodes": true,
    "showQuickUse": true,
    "showQuickUse2": true,
    "showSVGs": true,
    "fontPref": {
      "prefix": "icon-",
      "metadata": {
        "fontFamily": "icomoon"
      },
      "metrics": {
        "emSize": 1024,
        "baseline": 6.25,
        "whitespace": 50
      },
      "embed": false
    },
    "imagePref": {
      "prefix": "icon-",
      "png": false,
      "useClassSelector": true,
      "color": 0,
      "bgColor": 16777215,
      "name": "icomoon",
      "classSelector": ".icon",
      "height": 32,
      "columns": 16,
      "margin": 16
    },
    "historySize": 50,
    "gridSize": 16
  }
}